condition,sample,source_generation_ms,prepare_ms,compile_link_ms,execute_process_ms,total_ms
source-change,1,0.000600,0.020400,282.884349,0.962101,283.868650
source-change,2,0.000900,0.036300,297.004726,0.834301,297.876927
source-change,3,0.000500,0.024700,235.220892,0.776801,236.023693
source-change,4,0.000500,0.022700,269.654406,0.780300,270.458506
source-change,5,0.000600,0.020800,244.255396,0.798700,245.075996
source-change,6,0.004600,0.021700,261.768904,0.788600,262.584404
source-change,7,0.000500,0.021500,236.666293,0.737400,237.426493
source-change,8,0.000500,0.019000,230.457191,0.736700,231.214191
source-change,9,0.000700,0.023500,244.378696,0.768501,245.171997
source-change,10,0.000500,0.020800,281.191610,1.631901,282.845411
source-change,11,0.000900,0.044500,240.316895,0.741500,241.104895
source-change,12,0.000500,0.018600,287.216513,0.754600,287.990813
source-change,13,0.000700,0.023300,255.697501,1.683401,257.405502
source-change,14,0.000900,0.035400,273.598707,0.792501,274.428008
source-change,15,0.000500,0.023000,242.126895,0.745800,242.896695
source-change,16,0.000500,0.019300,233.675992,1.568501,235.264893
source-change,17,0.000900,0.026400,236.438093,0.853500,237.319293
source-change,18,0.000500,0.024300,259.889103,0.786200,260.701103
source-change,19,0.000600,0.026700,259.741302,0.923700,260.692702
source-change,20,0.000600,0.048600,231.771692,0.799800,232.621492
